<?xml version="1.0" encoding="UTF-8" ?>
<!DOCTYPE mapper PUBLIC "-//mybatis.org//DTD Mapper 3.0//EN" "http://mybatis.org/dtd/mybatis-3-mapper.dtd" >
<mapper namespace="com.dong.niit.dao.ApprovalRecordMapper" >
  <resultMap id="BaseResultMap" type="com.dong.niit.pojo.ApprovalRecord" >
    <id column="approval_record_id" property="approvalRecordId" jdbcType="INTEGER" />
    <result column="seal_apply_id" property="sealApplyId" jdbcType="INTEGER" />
    <result column="seal_apply_result" property="sealApplyResult" jdbcType="VARCHAR" />
    <result column="accounting_stall_view" property="accountingStallView" jdbcType="VARCHAR" />
    <result column="accounting_manager_view" property="accountingManagerView" jdbcType="VARCHAR" />
  </resultMap>
  <sql id="Base_Column_List" >
    approval_record_id, seal_apply_id, seal_apply_result, accounting_stall_view, accounting_manager_view
  </sql>
  <select id="selectAll" resultMap="BaseResultMap">
    select
    <include refid="Base_Column_List" />
    from approval_record
  </select>
  <select id="selectByPrimaryKey" resultMap="BaseResultMap" parameterType="java.lang.Integer" >
    select 
    <include refid="Base_Column_List" />
    from approval_record
    where approval_record_id = #{approvalRecordId,jdbcType=INTEGER}
  </select>
  <delete id="deleteByPrimaryKey" parameterType="java.lang.Integer" >
    delete from approval_record
    where approval_record_id = #{approvalRecordId,jdbcType=INTEGER}
  </delete>
  <insert id="insert" parameterType="com.dong.niit.pojo.ApprovalRecord" >
    insert into approval_record (approval_record_id, seal_apply_id, seal_apply_result, 
      accounting_stall_view, accounting_manager_view
      )
    values (#{approvalRecordId,jdbcType=INTEGER}, #{sealApplyId,jdbcType=INTEGER}, #{sealApplyResult,jdbcType=VARCHAR}, 
      #{accountingStallView,jdbcType=VARCHAR}, #{accountingManagerView,jdbcType=VARCHAR}
      )
  </insert>
  <insert id="insertSelective" parameterType="com.dong.niit.pojo.ApprovalRecord" >
    insert into approval_record
    <trim prefix="(" suffix=")" suffixOverrides="," >
      <if test="approvalRecordId != null" >
        approval_record_id,
      </if>
      <if test="sealApplyId != null" >
        seal_apply_id,
      </if>
      <if test="sealApplyResult != null" >
        seal_apply_result,
      </if>
      <if test="accountingStallView != null" >
        accounting_stall_view,
      </if>
      <if test="accountingManagerView != null" >
        accounting_manager_view,
      </if>
    </trim>
    <trim prefix="values (" suffix=")" suffixOverrides="," >
      <if test="approvalRecordId != null" >
        #{approvalRecordId,jdbcType=INTEGER},
      </if>
      <if test="sealApplyId != null" >
        #{sealApplyId,jdbcType=INTEGER},
      </if>
      <if test="sealApplyResult != null" >
        #{sealApplyResult,jdbcType=VARCHAR},
      </if>
      <if test="accountingStallView != null" >
        #{accountingStallView,jdbcType=VARCHAR},
      </if>
      <if test="accountingManagerView != null" >
        #{accountingManagerView,jdbcType=VARCHAR},
      </if>
    </trim>
  </insert>
  <update id="updateByPrimaryKeySelective" parameterType="com.dong.niit.pojo.ApprovalRecord" >
    update approval_record
    <set >
      <if test="sealApplyId != null" >
        seal_apply_id = #{sealApplyId,jdbcType=INTEGER},
      </if>
      <if test="sealApplyResult != null" >
        seal_apply_result = #{sealApplyResult,jdbcType=VARCHAR},
      </if>
      <if test="accountingStallView != null" >
        accounting_stall_view = #{accountingStallView,jdbcType=VARCHAR},
      </if>
      <if test="accountingManagerView != null" >
        accounting_manager_view = #{accountingManagerView,jdbcType=VARCHAR},
      </if>
    </set>
    where approval_record_id = #{approvalRecordId,jdbcType=INTEGER}
  </update>
  <update id="updateByPrimaryKey" parameterType="com.dong.niit.pojo.ApprovalRecord" >
    update approval_record
    set seal_apply_id = #{sealApplyId,jdbcType=INTEGER},
      seal_apply_result = #{sealApplyResult,jdbcType=VARCHAR},
      accounting_stall_view = #{accountingStallView,jdbcType=VARCHAR},
      accounting_manager_view = #{accountingManagerView,jdbcType=VARCHAR}
    where approval_record_id = #{approvalRecordId,jdbcType=INTEGER}
  </update>
</mapper>