<?xml version="1.0" encoding="UTF-8" ?>
<!DOCTYPE mapper PUBLIC "-//mybatis.org//DTD Mapper 3.0//EN" "http://mybatis.org/dtd/mybatis-3-mapper.dtd" >
<mapper namespace="com.dong.niit.dao.DepartmentInfoMapper" >
  <resultMap id="BaseResultMap" type="com.dong.niit.pojo.DepartmentInfo" >
    <id column="depart_id" property="departId" jdbcType="INTEGER" />
    <result column="depart_name" property="departName" jdbcType="VARCHAR" />
  </resultMap>
  <sql id="Base_Column_List" >
    depart_id, depart_name
  </sql>
  <select id="selectAll" resultMap="BaseResultMap">
    select
    <include refid="Base_Column_List" />
    from department_info
  </select>
  <select id="selectByPrimaryKey" resultMap="BaseResultMap" parameterType="java.lang.Integer" >
    select 
    <include refid="Base_Column_List" />
    from department_info
    where depart_id = #{departId,jdbcType=INTEGER}
  </select>
  <delete id="deleteByPrimaryKey" parameterType="java.lang.Integer" >
    delete from department_info
    where depart_id = #{departId,jdbcType=INTEGER}
  </delete>
  <insert id="insert" parameterType="com.dong.niit.pojo.DepartmentInfo" >
    insert into department_info (depart_id, depart_name)
    values (#{departId,jdbcType=INTEGER}, #{departName,jdbcType=VARCHAR})
  </insert>
  <insert id="insertSelective" parameterType="com.dong.niit.pojo.DepartmentInfo" >
    insert into department_info
    <trim prefix="(" suffix=")" suffixOverrides="," >
      <if test="departId != null" >
        depart_id,
      </if>
      <if test="departName != null" >
        depart_name,
      </if>
    </trim>
    <trim prefix="values (" suffix=")" suffixOverrides="," >
      <if test="departId != null" >
        #{departId,jdbcType=INTEGER},
      </if>
      <if test="departName != null" >
        #{departName,jdbcType=VARCHAR},
      </if>
    </trim>
  </insert>
  <update id="updateByPrimaryKeySelective" parameterType="com.dong.niit.pojo.DepartmentInfo" >
    update department_info
    <set >
      <if test="departName != null" >
        depart_name = #{departName,jdbcType=VARCHAR},
      </if>
    </set>
    where depart_id = #{departId,jdbcType=INTEGER}
  </update>
  <update id="updateByPrimaryKey" parameterType="com.dong.niit.pojo.DepartmentInfo" >
    update department_info
    set depart_name = #{departName,jdbcType=VARCHAR}
    where depart_id = #{departId,jdbcType=INTEGER}
  </update>
</mapper>