<?xml version="1.0" encoding="UTF-8" ?>
<!DOCTYPE mapper PUBLIC "-//mybatis.org//DTD Mapper 3.0//EN" "http://mybatis.org/dtd/mybatis-3-mapper.dtd" >
<mapper namespace="com.dong.niit.dao.EmployeeMapper" >
  <resultMap id="BaseResultMap" type="com.dong.niit.pojo.Employee" >
    <id column="employee_id" property="employeeId" jdbcType="INTEGER" />
    <result column="employee_name" property="employeeName" jdbcType="VARCHAR" />
    <result column="employee_gender" property="employeeGender" jdbcType="VARCHAR" />
    <result column="employee_age" property="employeeAge" jdbcType="VARCHAR" />
    <result column="employee_phone" property="employeePhone" jdbcType="VARCHAR" />
    <result column="employee_email" property="employeeEmail" jdbcType="VARCHAR" />
    <result column="employee_type" property="employeeType" jdbcType="INTEGER" />
    <result column="depart_info_id" property="departInfoId" jdbcType="INTEGER" />
    <result column="position_info_id" property="positionInfoId" jdbcType="INTEGER" />
  </resultMap>
  <sql id="Base_Column_List" >
    employee_id, employee_name, employee_gender, employee_age, employee_phone, employee_email, 
    employee_type, depart_info_id, position_info_id
  </sql>
  <select id="selectAll" resultMap="BaseResultMap">
    select
    <include refid="Base_Column_List" />
    from employee
  </select>
  <select id="selectByPrimaryKey" resultMap="BaseResultMap" parameterType="java.lang.Integer" >
    select 
    <include refid="Base_Column_List" />
    from employee
    where employee_id = #{employeeId,jdbcType=INTEGER}
  </select>
  <delete id="deleteByPrimaryKey" parameterType="java.lang.Integer" >
    delete from employee
    where employee_id = #{employeeId,jdbcType=INTEGER}
  </delete>
  <insert id="insert" parameterType="com.dong.niit.pojo.Employee" >
    insert into employee (employee_id, employee_name, employee_gender, 
      employee_age, employee_phone, employee_email, 
      employee_type, depart_info_id, position_info_id
      )
    values (#{employeeId,jdbcType=INTEGER}, #{employeeName,jdbcType=VARCHAR}, #{employeeGender,jdbcType=VARCHAR}, 
      #{employeeAge,jdbcType=VARCHAR}, #{employeePhone,jdbcType=VARCHAR}, #{employeeEmail,jdbcType=VARCHAR}, 
      #{employeeType,jdbcType=INTEGER}, #{departInfoId,jdbcType=INTEGER}, #{positionInfoId,jdbcType=INTEGER}
      )
  </insert>
  <insert id="insertSelective" parameterType="com.dong.niit.pojo.Employee" >
    insert into employee
    <trim prefix="(" suffix=")" suffixOverrides="," >
      <if test="employeeId != null" >
        employee_id,
      </if>
      <if test="employeeName != null" >
        employee_name,
      </if>
      <if test="employeeGender != null" >
        employee_gender,
      </if>
      <if test="employeeAge != null" >
        employee_age,
      </if>
      <if test="employeePhone != null" >
        employee_phone,
      </if>
      <if test="employeeEmail != null" >
        employee_email,
      </if>
      <if test="employeeType != null" >
        employee_type,
      </if>
      <if test="departInfoId != null" >
        depart_info_id,
      </if>
      <if test="positionInfoId != null" >
        position_info_id,
      </if>
    </trim>
    <trim prefix="values (" suffix=")" suffixOverrides="," >
      <if test="employeeId != null" >
        #{employeeId,jdbcType=INTEGER},
      </if>
      <if test="employeeName != null" >
        #{employeeName,jdbcType=VARCHAR},
      </if>
      <if test="employeeGender != null" >
        #{employeeGender,jdbcType=VARCHAR},
      </if>
      <if test="employeeAge != null" >
        #{employeeAge,jdbcType=VARCHAR},
      </if>
      <if test="employeePhone != null" >
        #{employeePhone,jdbcType=VARCHAR},
      </if>
      <if test="employeeEmail != null" >
        #{employeeEmail,jdbcType=VARCHAR},
      </if>
      <if test="employeeType != null" >
        #{employeeType,jdbcType=INTEGER},
      </if>
      <if test="departInfoId != null" >
        #{departInfoId,jdbcType=INTEGER},
      </if>
      <if test="positionInfoId != null" >
        #{positionInfoId,jdbcType=INTEGER},
      </if>
    </trim>
  </insert>
  <update id="updateByPrimaryKeySelective" parameterType="com.dong.niit.pojo.Employee" >
    update employee
    <set >
      <if test="employeeName != null" >
        employee_name = #{employeeName,jdbcType=VARCHAR},
      </if>
      <if test="employeeGender != null" >
        employee_gender = #{employeeGender,jdbcType=VARCHAR},
      </if>
      <if test="employeeAge != null" >
        employee_age = #{employeeAge,jdbcType=VARCHAR},
      </if>
      <if test="employeePhone != null" >
        employee_phone = #{employeePhone,jdbcType=VARCHAR},
      </if>
      <if test="employeeEmail != null" >
        employee_email = #{employeeEmail,jdbcType=VARCHAR},
      </if>
      <if test="employeeType != null" >
        employee_type = #{employeeType,jdbcType=INTEGER},
      </if>
      <if test="departInfoId != null" >
        depart_info_id = #{departInfoId,jdbcType=INTEGER},
      </if>
      <if test="positionInfoId != null" >
        position_info_id = #{positionInfoId,jdbcType=INTEGER},
      </if>
    </set>
    where employee_id = #{employeeId,jdbcType=INTEGER}
  </update>
  <update id="updateByPrimaryKey" parameterType="com.dong.niit.pojo.Employee" >
    update employee
    set employee_name = #{employeeName,jdbcType=VARCHAR},
      employee_gender = #{employeeGender,jdbcType=VARCHAR},
      employee_age = #{employeeAge,jdbcType=VARCHAR},
      employee_phone = #{employeePhone,jdbcType=VARCHAR},
      employee_email = #{employeeEmail,jdbcType=VARCHAR},
      employee_type = #{employeeType,jdbcType=INTEGER},
      depart_info_id = #{departInfoId,jdbcType=INTEGER},
      position_info_id = #{positionInfoId,jdbcType=INTEGER}
    where employee_id = #{employeeId,jdbcType=INTEGER}
  </update>
</mapper>