<?xml version="1.0" encoding="UTF-8" ?>
<!DOCTYPE mapper PUBLIC "-//mybatis.org//DTD Mapper 3.0//EN" "http://mybatis.org/dtd/mybatis-3-mapper.dtd" >
<mapper namespace="com.dong.niit.dao.PositionInfoMapper" >
  <resultMap id="BaseResultMap" type="com.dong.niit.pojo.PositionInfo" >
    <id column="position_id" property="positionId" jdbcType="INTEGER" />
    <result column="position_name" property="positionName" jdbcType="VARCHAR" />
  </resultMap>
  <sql id="Base_Column_List" >
    position_id, position_name
  </sql>
  <select id="selectAll" resultMap="BaseResultMap">
    select
    <include refid="Base_Column_List" />
    from position_info
  </select>
  <select id="selectByPrimaryKey" resultMap="BaseResultMap" parameterType="java.lang.Integer" >
    select 
    <include refid="Base_Column_List" />
    from position_info
    where position_id = #{positionId,jdbcType=INTEGER}
  </select>
  <delete id="deleteByPrimaryKey" parameterType="java.lang.Integer" >
    delete from position_info
    where position_id = #{positionId,jdbcType=INTEGER}
  </delete>
  <insert id="insert" parameterType="com.dong.niit.pojo.PositionInfo" >
    insert into position_info (position_id, position_name)
    values (#{positionId,jdbcType=INTEGER}, #{positionName,jdbcType=VARCHAR})
  </insert>
  <insert id="insertSelective" parameterType="com.dong.niit.pojo.PositionInfo" >
    insert into position_info
    <trim prefix="(" suffix=")" suffixOverrides="," >
      <if test="positionId != null" >
        position_id,
      </if>
      <if test="positionName != null" >
        position_name,
      </if>
    </trim>
    <trim prefix="values (" suffix=")" suffixOverrides="," >
      <if test="positionId != null" >
        #{positionId,jdbcType=INTEGER},
      </if>
      <if test="positionName != null" >
        #{positionName,jdbcType=VARCHAR},
      </if>
    </trim>
  </insert>
  <update id="updateByPrimaryKeySelective" parameterType="com.dong.niit.pojo.PositionInfo" >
    update position_info
    <set >
      <if test="positionName != null" >
        position_name = #{positionName,jdbcType=VARCHAR},
      </if>
    </set>
    where position_id = #{positionId,jdbcType=INTEGER}
  </update>
  <update id="updateByPrimaryKey" parameterType="com.dong.niit.pojo.PositionInfo" >
    update position_info
    set position_name = #{positionName,jdbcType=VARCHAR}
    where position_id = #{positionId,jdbcType=INTEGER}
  </update>
</mapper>