<?xml version="1.0" encoding="UTF-8" ?>
<!DOCTYPE mapper PUBLIC "-//mybatis.org//DTD Mapper 3.0//EN" "http://mybatis.org/dtd/mybatis-3-mapper.dtd" >
<mapper namespace="com.dong.niit.dao.SealApplyMapper" >
  <resultMap id="BaseResultMap" type="com.dong.niit.pojo.SealApply" >
    <id column="apply_id" property="applyId" jdbcType="INTEGER" />
    <result column="apply_employee_id" property="applyEmployeeId" jdbcType="INTEGER" />
    <result column="apply_details" property="applyDetails" jdbcType="VARCHAR" />
    <result column="seal_type" property="sealType" jdbcType="INTEGER" />
    <result column="apply_date" property="applyDate" jdbcType="TIMESTAMP" />
    <result column="apply_financial_staff" property="applyFinancialStaff" jdbcType="VARCHAR" />
  </resultMap>
  <sql id="Base_Column_List" >
    apply_id, apply_employee_id, apply_details, seal_type, apply_date, apply_financial_staff
  </sql>
  <select id="selectAll" resultMap="BaseResultMap">
    select
    <include refid="Base_Column_List" />
    from seal_apply
  </select>
  <select id="selectByPrimaryKey" resultMap="BaseResultMap" parameterType="java.lang.Integer" >
    select 
    <include refid="Base_Column_List" />
    from seal_apply
    where apply_id = #{applyId,jdbcType=INTEGER}
  </select>
  <delete id="deleteByPrimaryKey" parameterType="java.lang.Integer" >
    delete from seal_apply
    where apply_id = #{applyId,jdbcType=INTEGER}
  </delete>
  <insert id="insert" parameterType="com.dong.niit.pojo.SealApply" >
    insert into seal_apply (apply_id, apply_employee_id, apply_details, 
      seal_type, apply_date, apply_financial_staff
      )
    values (#{applyId,jdbcType=INTEGER}, #{applyEmployeeId,jdbcType=INTEGER}, #{applyDetails,jdbcType=VARCHAR}, 
      #{sealType,jdbcType=INTEGER}, #{applyDate,jdbcType=TIMESTAMP}, #{applyFinancialStaff,jdbcType=VARCHAR}
      )
  </insert>
  <insert id="insertSelective" parameterType="com.dong.niit.pojo.SealApply" >
    insert into seal_apply
    <trim prefix="(" suffix=")" suffixOverrides="," >
      <if test="applyId != null" >
        apply_id,
      </if>
      <if test="applyEmployeeId != null" >
        apply_employee_id,
      </if>
      <if test="applyDetails != null" >
        apply_details,
      </if>
      <if test="sealType != null" >
        seal_type,
      </if>
      <if test="applyDate != null" >
        apply_date,
      </if>
      <if test="applyFinancialStaff != null" >
        apply_financial_staff,
      </if>
    </trim>
    <trim prefix="values (" suffix=")" suffixOverrides="," >
      <if test="applyId != null" >
        #{applyId,jdbcType=INTEGER},
      </if>
      <if test="applyEmployeeId != null" >
        #{applyEmployeeId,jdbcType=INTEGER},
      </if>
      <if test="applyDetails != null" >
        #{applyDetails,jdbcType=VARCHAR},
      </if>
      <if test="sealType != null" >
        #{sealType,jdbcType=INTEGER},
      </if>
      <if test="applyDate != null" >
        #{applyDate,jdbcType=TIMESTAMP},
      </if>
      <if test="applyFinancialStaff != null" >
        #{applyFinancialStaff,jdbcType=VARCHAR},
      </if>
    </trim>
  </insert>
  <update id="updateByPrimaryKeySelective" parameterType="com.dong.niit.pojo.SealApply" >
    update seal_apply
    <set >
      <if test="applyEmployeeId != null" >
        apply_employee_id = #{applyEmployeeId,jdbcType=INTEGER},
      </if>
      <if test="applyDetails != null" >
        apply_details = #{applyDetails,jdbcType=VARCHAR},
      </if>
      <if test="sealType != null" >
        seal_type = #{sealType,jdbcType=INTEGER},
      </if>
      <if test="applyDate != null" >
        apply_date = #{applyDate,jdbcType=TIMESTAMP},
      </if>
      <if test="applyFinancialStaff != null" >
        apply_financial_staff = #{applyFinancialStaff,jdbcType=VARCHAR},
      </if>
    </set>
    where apply_id = #{applyId,jdbcType=INTEGER}
  </update>
  <update id="updateByPrimaryKey" parameterType="com.dong.niit.pojo.SealApply" >
    update seal_apply
    set apply_employee_id = #{applyEmployeeId,jdbcType=INTEGER},
      apply_details = #{applyDetails,jdbcType=VARCHAR},
      seal_type = #{sealType,jdbcType=INTEGER},
      apply_date = #{applyDate,jdbcType=TIMESTAMP},
      apply_financial_staff = #{applyFinancialStaff,jdbcType=VARCHAR}
    where apply_id = #{applyId,jdbcType=INTEGER}
  </update>
</mapper>