<?xml version="1.0" encoding="UTF-8" ?>
<!DOCTYPE mapper PUBLIC "-//mybatis.org//DTD Mapper 3.0//EN" "http://mybatis.org/dtd/mybatis-3-mapper.dtd" >
<mapper namespace="com.dong.niit.dao.TravelPlanMapper" >
  <resultMap id="BaseResultMap" type="com.dong.niit.pojo.TravelPlan" >
    <id column="travel_plan_id" property="travelPlanId" jdbcType="INTEGER" />
    <result column="travel_employee_id" property="travelEmployeeId" jdbcType="INTEGER" />
    <result column="travel_plan_month" property="travelPlanMonth" jdbcType="VARCHAR" />
    <result column="travel_plan_fromdate" property="travelPlanFromdate" jdbcType="TIMESTAMP" />
    <result column="travel_plan_todate" property="travelPlanTodate" jdbcType="TIMESTAMP" />
    <result column="travel_plan_city" property="travelPlanCity" jdbcType="VARCHAR" />
    <result column="travel_plan_customer" property="travelPlanCustomer" jdbcType="VARCHAR" />
    <result column="travel_plan_businessType" property="travelPlanBusinesstype" jdbcType="VARCHAR" />
    <result column="travel_plan_reason" property="travelPlanReason" jdbcType="VARCHAR" />
    <result column="travel_plan_travelMode" property="travelPlanTravelmode" jdbcType="VARCHAR" />
    <result column="travel_plan_ticketCost" property="travelPlanTicketcost" jdbcType="DECIMAL" />
    <result column="travel_plan_dayCost" property="travelPlanDaycost" jdbcType="DECIMAL" />
    <result column="travel_plan_totalCost" property="travelPlanTotalcost" jdbcType="DECIMAL" />
  </resultMap>
  <sql id="Base_Column_List" >
    travel_plan_id, travel_employee_id, travel_plan_month, travel_plan_fromdate, travel_plan_todate, 
    travel_plan_city, travel_plan_customer, travel_plan_businessType, travel_plan_reason, 
    travel_plan_travelMode, travel_plan_ticketCost, travel_plan_dayCost, travel_plan_totalCost
  </sql>
  <select id="selectAll" resultMap="BaseResultMap">
    select
    <include refid="Base_Column_List" />
    from travel_plan
  </select>
  <select id="selectByPrimaryKey" resultMap="BaseResultMap" parameterType="java.lang.Integer" >
    select 
    <include refid="Base_Column_List" />
    from travel_plan
    where travel_plan_id = #{travelPlanId,jdbcType=INTEGER}
  </select>
  <delete id="deleteByPrimaryKey" parameterType="java.lang.Integer" >
    delete from travel_plan
    where travel_plan_id = #{travelPlanId,jdbcType=INTEGER}
  </delete>
  <insert id="insert" parameterType="com.dong.niit.pojo.TravelPlan" >
    insert into travel_plan (travel_plan_id, travel_employee_id, travel_plan_month, 
      travel_plan_fromdate, travel_plan_todate, 
      travel_plan_city, travel_plan_customer, travel_plan_businessType, 
      travel_plan_reason, travel_plan_travelMode, 
      travel_plan_ticketCost, travel_plan_dayCost, 
      travel_plan_totalCost)
    values (#{travelPlanId,jdbcType=INTEGER}, #{travelEmployeeId,jdbcType=INTEGER}, #{travelPlanMonth,jdbcType=VARCHAR}, 
      #{travelPlanFromdate,jdbcType=TIMESTAMP}, #{travelPlanTodate,jdbcType=TIMESTAMP}, 
      #{travelPlanCity,jdbcType=VARCHAR}, #{travelPlanCustomer,jdbcType=VARCHAR}, #{travelPlanBusinesstype,jdbcType=VARCHAR}, 
      #{travelPlanReason,jdbcType=VARCHAR}, #{travelPlanTravelmode,jdbcType=VARCHAR}, 
      #{travelPlanTicketcost,jdbcType=DECIMAL}, #{travelPlanDaycost,jdbcType=DECIMAL}, 
      #{travelPlanTotalcost,jdbcType=DECIMAL})
  </insert>
  <insert id="insertSelective" parameterType="com.dong.niit.pojo.TravelPlan" >
    insert into travel_plan
    <trim prefix="(" suffix=")" suffixOverrides="," >
      <if test="travelPlanId != null" >
        travel_plan_id,
      </if>
      <if test="travelEmployeeId != null" >
        travel_employee_id,
      </if>
      <if test="travelPlanMonth != null" >
        travel_plan_month,
      </if>
      <if test="travelPlanFromdate != null" >
        travel_plan_fromdate,
      </if>
      <if test="travelPlanTodate != null" >
        travel_plan_todate,
      </if>
      <if test="travelPlanCity != null" >
        travel_plan_city,
      </if>
      <if test="travelPlanCustomer != null" >
        travel_plan_customer,
      </if>
      <if test="travelPlanBusinesstype != null" >
        travel_plan_businessType,
      </if>
      <if test="travelPlanReason != null" >
        travel_plan_reason,
      </if>
      <if test="travelPlanTravelmode != null" >
        travel_plan_travelMode,
      </if>
      <if test="travelPlanTicketcost != null" >
        travel_plan_ticketCost,
      </if>
      <if test="travelPlanDaycost != null" >
        travel_plan_dayCost,
      </if>
      <if test="travelPlanTotalcost != null" >
        travel_plan_totalCost,
      </if>
    </trim>
    <trim prefix="values (" suffix=")" suffixOverrides="," >
      <if test="travelPlanId != null" >
        #{travelPlanId,jdbcType=INTEGER},
      </if>
      <if test="travelEmployeeId != null" >
        #{travelEmployeeId,jdbcType=INTEGER},
      </if>
      <if test="travelPlanMonth != null" >
        #{travelPlanMonth,jdbcType=VARCHAR},
      </if>
      <if test="travelPlanFromdate != null" >
        #{travelPlanFromdate,jdbcType=TIMESTAMP},
      </if>
      <if test="travelPlanTodate != null" >
        #{travelPlanTodate,jdbcType=TIMESTAMP},
      </if>
      <if test="travelPlanCity != null" >
        #{travelPlanCity,jdbcType=VARCHAR},
      </if>
      <if test="travelPlanCustomer != null" >
        #{travelPlanCustomer,jdbcType=VARCHAR},
      </if>
      <if test="travelPlanBusinesstype != null" >
        #{travelPlanBusinesstype,jdbcType=VARCHAR},
      </if>
      <if test="travelPlanReason != null" >
        #{travelPlanReason,jdbcType=VARCHAR},
      </if>
      <if test="travelPlanTravelmode != null" >
        #{travelPlanTravelmode,jdbcType=VARCHAR},
      </if>
      <if test="travelPlanTicketcost != null" >
        #{travelPlanTicketcost,jdbcType=DECIMAL},
      </if>
      <if test="travelPlanDaycost != null" >
        #{travelPlanDaycost,jdbcType=DECIMAL},
      </if>
      <if test="travelPlanTotalcost != null" >
        #{travelPlanTotalcost,jdbcType=DECIMAL},
      </if>
    </trim>
  </insert>
  <update id="updateByPrimaryKeySelective" parameterType="com.dong.niit.pojo.TravelPlan" >
    update travel_plan
    <set >
      <if test="travelEmployeeId != null" >
        travel_employee_id = #{travelEmployeeId,jdbcType=INTEGER},
      </if>
      <if test="travelPlanMonth != null" >
        travel_plan_month = #{travelPlanMonth,jdbcType=VARCHAR},
      </if>
      <if test="travelPlanFromdate != null" >
        travel_plan_fromdate = #{travelPlanFromdate,jdbcType=TIMESTAMP},
      </if>
      <if test="travelPlanTodate != null" >
        travel_plan_todate = #{travelPlanTodate,jdbcType=TIMESTAMP},
      </if>
      <if test="travelPlanCity != null" >
        travel_plan_city = #{travelPlanCity,jdbcType=VARCHAR},
      </if>
      <if test="travelPlanCustomer != null" >
        travel_plan_customer = #{travelPlanCustomer,jdbcType=VARCHAR},
      </if>
      <if test="travelPlanBusinesstype != null" >
        travel_plan_businessType = #{travelPlanBusinesstype,jdbcType=VARCHAR},
      </if>
      <if test="travelPlanReason != null" >
        travel_plan_reason = #{travelPlanReason,jdbcType=VARCHAR},
      </if>
      <if test="travelPlanTravelmode != null" >
        travel_plan_travelMode = #{travelPlanTravelmode,jdbcType=VARCHAR},
      </if>
      <if test="travelPlanTicketcost != null" >
        travel_plan_ticketCost = #{travelPlanTicketcost,jdbcType=DECIMAL},
      </if>
      <if test="travelPlanDaycost != null" >
        travel_plan_dayCost = #{travelPlanDaycost,jdbcType=DECIMAL},
      </if>
      <if test="travelPlanTotalcost != null" >
        travel_plan_totalCost = #{travelPlanTotalcost,jdbcType=DECIMAL},
      </if>
    </set>
    where travel_plan_id = #{travelPlanId,jdbcType=INTEGER}
  </update>
  <update id="updateByPrimaryKey" parameterType="com.dong.niit.pojo.TravelPlan" >
    update travel_plan
    set travel_employee_id = #{travelEmployeeId,jdbcType=INTEGER},
      travel_plan_month = #{travelPlanMonth,jdbcType=VARCHAR},
      travel_plan_fromdate = #{travelPlanFromdate,jdbcType=TIMESTAMP},
      travel_plan_todate = #{travelPlanTodate,jdbcType=TIMESTAMP},
      travel_plan_city = #{travelPlanCity,jdbcType=VARCHAR},
      travel_plan_customer = #{travelPlanCustomer,jdbcType=VARCHAR},
      travel_plan_businessType = #{travelPlanBusinesstype,jdbcType=VARCHAR},
      travel_plan_reason = #{travelPlanReason,jdbcType=VARCHAR},
      travel_plan_travelMode = #{travelPlanTravelmode,jdbcType=VARCHAR},
      travel_plan_ticketCost = #{travelPlanTicketcost,jdbcType=DECIMAL},
      travel_plan_dayCost = #{travelPlanDaycost,jdbcType=DECIMAL},
      travel_plan_totalCost = #{travelPlanTotalcost,jdbcType=DECIMAL}
    where travel_plan_id = #{travelPlanId,jdbcType=INTEGER}
  </update>
</mapper>